<bookinfo>
  <isbn>9780596519186</isbn>
  <edition>1</edition>
  <author>
    <firstname>Jesse</firstname>
    <surname>Stay</surname>
    <authorblurb>
      <para></para>
    </authorblurb>
  </author>
  <editor>
    <firstname>Mary E.</firstname>
    <surname>Treseler</surname>
  </editor>
  <editor role="production">
    <firstname/>
    <surname/>
  </editor>
  <editor role="copy">
    <firstname/>
    <surname/>
  </editor>
  <othercredit role="proofreader">
    <firstname>FIX</firstname>
    <surname>ME!</surname>
  </othercredit>
  <othercredit role="indexer">
    <firstname/>
    <surname/>
  </othercredit>
  <othercredit role="coverdesigner">
    <firstname/>
    <surname/>
  </othercredit>
  <othercredit role="interiordesigner">
    <firstname>FIX</firstname>
    <surname>ME!</surname>
  </othercredit>
  <othercredit role="illustrator">
    <firstname>Robert</firstname>
    <surname>Romano</surname>
  </othercredit>
  <othercredit role="illustrator">
    <firstname>Jessamyn</firstname>
    <surname>Read</surname>
  </othercredit>
  <printhistory>
    <formalpara>
      <title>First Edition</title>
      <para>June, 2008</para>
    </formalpara>
  </printhistory>
  <copyright>
    <year>2008</year>
    <holder>
O&#x2019;Reilly Media    </holder>
  </copyright>
  <!-- All rights reserved. -->
  <!-- Published by -->
  <publisher>
    <publishername>
O&#x2019;Reilly Media, Inc.    </publishername>
    <address>
      <street>1005 Gravenstein Highway North</street>
      <city>Sebastopol</city>
      <state>CA</state>
      <postcode>95472</postcode>
    </address>
  </publisher>
  <legalnotice role="printlocation">
    <para>Printed in the United States of America.</para>
  </legalnotice>
  <legalnotice role="printer">
    <para>[?]</para>
  </legalnotice>
  <legalnotice role="use">
    <para>
O&#x2019;Reilly books may be purchased for educational,
          business, or sales promotional use. Online editions are also available for most 
          titles (      <ulink url="http://safari.oreilly.com"/>
). For more information, contact our corporate/institutional sales department:
          (800) 998-9938 or       <email>corporate@oreilly.com</email>
.    </para>
  </legalnotice>
  <legalnotice role="trademarks">
    <para>
Nutshell Handbook, the Nutshell Handbook logo, and the O&#x2019;Reilly logo
          are registered trademarks of O&#x2019;Reilly Media, Inc. !!FILL THIS IN!!
          and related trade dress are trademarks of O&#x2019;Reilly Media, Inc.    </para>
    <para>
Many of the designations uses by manufacturers and sellers to distinguish
          their products are claimed as trademarks. Where those designations appear
          in this book, and O&#x2019;Reilly Media, Inc. was aware of a trademark claim,
          the designations have been printed in caps or initial caps    </para>
  </legalnotice>
  <legalnotice role="damages">
    <para>While every precaution has been taken in the preparation of this book,
        the publisher and authors assume no responsibility for errors or omissions, 
        or for damages resulting from the use of the information contained herein.</para>
  </legalnotice>
</bookinfo>
